workLat,workLng
37.566370776634,126.977918351844
