workLat,workLng
37.5635793508101,126.975389363157
